{"temperature":25.502759,"humidity":53.528398,"wind":32.679374,"rain":false,"status":"Pleasant"}